id,name,code,account_type,reconcile
account_1010101,Caja General,1010101,asset_cash,True
account_1010102,Caja Chica,1010102,asset_cash,True
account_1010201,Bancos Nacionales,1010201,asset_cash,True
account_1010202,Bancos del Exterior,1010202,asset_cash,True
account_1010301,Inversiones Temporales,1010301,asset_current,False
account_1020101,Cuentas por Cobrar Clientes Relacionados,1020101,asset_receivable,True
account_1020102,Cuentas por Cobrar Clientes No Relacionados,1020102,asset_receivable,True
account_1020103, Otras Cuentas por Cobrar,1020103,asset_receivable,True
account_1020201,Provisión Cuentas Incobrables,1020201,asset_receivable,False
account_1030101,Inventario de Mercaderías,1030101,asset_current,False
account_1030102,Inventario de Materia Prima,1030102,asset_current,False
account_1030103,Inventario de Productos en Proceso,1030103,asset_current,False
account_1030104,Inventario de Productos Terminados,1030104,asset_current,False
account_1030105,Inventario de Suministros y Materiales,1030105,asset_current,False
account_1040101,IVA Compras (Crédito Tributario),1040101,asset_current,False
account_1040102,Retención en la Fuente Renta (Crédito),1040102,asset_current,False
account_1040103,Retención IVA (Crédito),1040103,asset_current,False
account_1040104,ISD Crédito Tributario,1040104,asset_current,False
account_1040105,Anticipo Impuesto a la Renta,1040105,asset_current,False
account_1050101,Seguros Prepagados,1050101,asset_prepayments,False
account_1050102,Arriendos Prepagados,1050102,asset_prepayments,False

account_1060101,Terrenos,1060101,asset_non_current,False
account_1060201,Edificios,1060201,asset_non_current,False
account_1060202,Depreciación Acumulada Edificios,1060202,asset_non_current,False
account_1060301,Muebles y Enseres,1060301,asset_non_current,False
account_1060302,Depreciación Acumulada Muebles,1060302,asset_non_current,False
account_1060401,Maquinaria y Equipo,1060401,asset_non_current,False
account_1060402,Depreciación Acumulada Maquinaria,1060402,asset_non_current,False
account_1060501,Vehículos,1060501,asset_non_current,False
account_1060502,Depreciación Acumulada Vehículos,1060502,asset_non_current,False
account_1060601,Equipos de Computación,1060601,asset_non_current,False
account_1060602,Depreciación Acumulada Computación,1060602,asset_non_current,False

account_1070101,Software y Licencias,1070101,asset_non_current,False
account_1070102,Amortización Acumulada Software,1070102,asset_non_current,False

account_2010101,Cuentas por Pagar Proveedores Relacionados,2010101,liability_payable,True
account_2010102,Cuentas por Pagar Proveedores No Relacionados,2010102,liability_payable,True
account_2010201,Obligaciones Bancarias CP,2010201,liability_current,False
account_2010301,IESS Aporte Personal por Pagar,2010301,liability_current,False
account_2010302,IESS Aporte Patronal por Pagar,2010302,liability_current,False
account_2010303,IESS Préstamos Quirografarios,2010303,liability_current,False
account_2010304,Décimo Tercer Sueldo por Pagar,2010304,liability_current,False
account_2010305,Décimo Cuarto Sueldo por Pagar,2010305,liability_current,False
account_2010306,Fondos de Reserva por Pagar,2010306,liability_current,False
account_2010307,Vacaciones por Pagar,2010307,liability_current,False
account_2010308,Participación Trabajadores por Pagar (15%),2010308,liability_current,False
account_2010401,IVA Ventas,2010401,liability_current,False
account_2010402,Retención Fuente Renta por Pagar,2010402,liability_current,False
account_2010403,Retención IVA por Pagar,2010403,liability_current,False
account_2010501,Impuesto a la Renta por Pagar,2010501,liability_current,False

account_2020101,Obligaciones Bancarias LP,2020101,liability_non_current,False
account_2020201,Jubilación Patronal,2020201,liability_non_current,False

account_3010101,Capital Social,3010101,equity,False
account_3010201,Reserva Legal,3010201,equity,False
account_3010202,Reserva Facultativa,3010202,equity,False
account_3010301,Utilidad de Ejercicios Anteriores,3010301,equity_unaffected,False
account_3010302,Pérdida de Ejercicios Anteriores,3010302,equity_unaffected,False
account_3010401,Utilidad del Ejercicio,3010401,equity_unaffected,False
account_3010402,Pérdida del Ejercicio,3010402,equity_unaffected,False

account_4010101,Ventas Tarifa 15%,4010101,income,False
account_4010102,Ventas Tarifa 0%,4010102,income,False
account_4010103,Ventas Tarifa 5%,4010103,income,False
account_4010104,Ventas Exentas,4010104,income,False
account_4010105,Prestación de Servicios 15%,4010105,income,False
account_4010106,Exportaciones,4010106,income,False
account_4010201,Descuentos en Ventas,4010201,income,False
account_4010202,Devoluciones en Ventas,4010202,income,False
account_4020101,Intereses Ganados,4020101,income_other,False
account_4020102,Otros Ingresos Operacionales,4020102,income_other,False

account_5010101,Costo de Ventas,5010101,expense_direct_cost,False
account_5010102,Costo de Producción,5010102,expense_direct_cost,False

account_5020101,Sueldos y Salarios,5020101,expense,False
account_5020102,Horas Extras,5020102,expense,False
account_5020103,Comisiones,5020103,expense,False
account_5020104,Aporte Patronal IESS,5020104,expense,False
account_5020105,Décimo Tercer Sueldo,5020105,expense,False
account_5020106,Décimo Cuarto Sueldo,5020106,expense,False
account_5020107,Fondos de Reserva,5020107,expense,False
account_5020108,Vacaciones,5020108,expense,False
account_5020109,Indemnizaciones Laborales,5020109,expense,False
account_5020110,Alimentación Personal,5020110,expense,False
account_5020111,Transporte Personal,5020111,expense,False
account_5020112,Capacitación Personal,5020112,expense,False
account_5020113,Uniformes,5020113,expense,False

account_5020201,Arriendo Oficina,5020201,expense,False
account_5020202,Honorarios Profesionales,5020202,expense,False
account_5020203,Mantenimiento y Reparaciones,5020203,expense,False
account_5020204,Combustibles y Lubricantes,5020204,expense,False
account_5020205,Promoción y Publicidad,5020205,expense,False
account_5020206,Suministros de Oficina,5020206,expense,False
account_5020207,Seguros,5020207,expense,False
account_5020208,Comunicaciones (Internet/Teléfono),5020208,expense,False
account_5020209,Servicios Básicos (Agua/Luz),5020209,expense,False
account_5020210,Seguridad y Vigilancia,5020210,expense,False
account_5020211,Gastos de Viaje,5020211,expense,False
account_5020212,Notariales y Legales,5020212,expense,False
account_5020213,Impuestos y Contribuciones,5020213,expense,False
account_5020214,Depreciación Propiedad Planta y Equipo,5020214,expense_depreciation,False
account_5020215,Amortización Intangibles,5020215,expense_depreciation,False
account_5020216,Cuentas Incobrables,5020216,expense,False

account_5020301,Intereses Pagados,5020301,expense,False
account_5020302,Comisiones Bancarias,5020302,expense,False

account_9010101,Cuentas de Orden Deudoras,9010101,off_balance,False
account_9010102,Cuentas de Orden Acreedoras,9010102,off_balance,False
